BCRAG | Base de Conhecimento: Experiências de Datas Promocionais | Samoa Resorts
Preencher com as informações enviadas pela área de Experiência de cada resort. Este conteúdo alimenta a Maya (chatbot) e materiais de comunicação.

Data / Período,Nome da Experiência,Resort,Descrição da Experiência,Dia /Horário / Programação,Local no Resort,Incluso no Pacote?,Preço à ser divulgado,Observações / Regras,Status
JAN  |  JANEIRO
Janeiro (mês inteiro),Programação Férias de Janeiro,Samoa Beach,,,,,,,Pendente
Janeiro (mês inteiro),Programação Férias de Janeiro,Samoa Villa,,,,,,,Pendente
Janeiro (mês inteiro),Programação Férias de Janeiro,La Fleur Collection,,,,,,,Pendente
01 de Janeiro,Experiência de Ano Novo,Samoa Beach,,,,,,,Pendente
01 de Janeiro,Experiência de Ano Novo,Samoa Villa,,,,,,,Pendente
01 de Janeiro,Experiência de Ano Novo,La Fleur Collection,,,,,,,Pendente
FEV/MAR  |  CARNAVAL
Fev/Mar (variável),Experiência de Carnaval,Samoa Beach,,,,,,,Pendente
Fev/Mar (variável),Experiência de Carnaval,Samoa Villa,,,,,,,Pendente
Fev/Mar (variável),Experiência de Carnaval,La Fleur Collection,,,,,,,Pendente
MAR/ABR  |  PÁSCOA E SEMANA SANTA
Mar/Abr (Semana Santa),Experiência de Páscoa,Samoa Beach,,,,,,,Pendente
Mar/Abr (Semana Santa),Experiência de Páscoa,Samoa Villa,,,,,,,Pendente
Mar/Abr (Semana Santa),Experiência de Páscoa,La Fleur Collection,,,,,,,Pendente
ABR  |  FERIADO DE TIRADENTES
21 de Abril,Programação Feriado Tiradentes,Samoa Beach,,,,,,,Pendente
21 de Abril,Programação Feriado Tiradentes,Samoa Villa,,,,,,,Pendente
21 de Abril,Programação Feriado Tiradentes,La Fleur Collection,,,,,,,Pendente
MAI  |  DIA DO TRABALHO
01 de Maio,Programação Feriado Trabalho,Samoa Beach,,,,,,,Pendente
01 de Maio,Programação Feriado Trabalho,Samoa Villa,,,,,,,Pendente
01 de Maio,Programação Feriado Trabalho,La Fleur Collection,,,,,,,Pendente
MAI  |  DIA DAS MÃES
2º domingo de Maio,Experiência Dia das Mães,Samoa Beach,,,,,,,Pendente
2º domingo de Maio,Experiência Dia das Mães,Samoa Villa,,,,,,,Pendente
2º domingo de Maio,Experiência Dia das Mães,La Fleur Collection,,,,,,,Pendente
MAI/JUN  |  CORPUS CHRISTI
Mai/Jun (variável),Programação Corpus Christi,Samoa Beach,04/06 – Adulto: Alongamento à beira mar; Vem São João / Kids: Vem São João,,,,,,Pendente
Mai/Jun (variável),Programação Corpus Christi,Samoa Villa,"04/06 – Adulto: Alongamento à beira mar; Noite do forró / Kids: Show de Palhaços; Caminhada pé na areia
05/06 – Adulto: Desafio Coco ao Alvo; Samoa Music Live / Kids: Oficina Chefinhos Kids; O mestre mandou / A&B – Jantar American food
06/06 – Adulto: Treinamento Funcional; Apresentação Quadrilha Junina / Kids: Festa da espuma; Pique corrente
07/06 – Oficina de pintura mágica; Dona caveira",,,,,,Pendente
Mai/Jun (variável),Programação Corpus Christi,La Fleur Collection,,,,,,,Pendente
JUN  |  DIA DOS NAMORADOS
12 de Junho,Experiência Dia dos Namorados,Samoa Beach,"Música ao vivo
A&B: Jantar especial do dia dos namorados",,,,,,Pendente
12 de Junho,Experiência Dia dos Namorados,Samoa Villa,"Luau romântico
A&B: Jantar especial do dia dos namorados",,,,,,Pendente
12 de Junho,Experiência Dia dos Namorados,La Fleur Collection,,,,,,,Pendente
JUN  |  SÃO JOÃO E FESTAS JUNINAS
Junho (período junino),Experiência de São João,Samoa Beach,"Nos dias 20, 21 e 24 terá apresentação de uma quadrilha junina além de quermesse, touro mecânico, comidas e bebidas típicas.

- INFANTIL: Cine Open Air, Espetáculos noturnos, Oficinas temáticas, Show de mágica, Play Time, Viva São João.
- ADULTO: Acústico Samoa, Hidro, funcional e yoga, Jogos interativos e desafios, Viva São João, Transmissão da abertura e dos jogos da Copa do Mundo.",,,,,,Pendente
Junho (período junino),Experiência de São João,Samoa Villa,"Decoração temática, comidas típicas, apresentação de quadrilha junina, barracas com jogos",,,,,,Pendente
Junho (período junino),Experiência de São João,La Fleur Collection,,,,,,,Pendente
JUN  |  COPA DO MUNDO
Junho (Copa do Mundo),Experiência Copa do Mundo,Samoa Beach,"- Abertura da Copa 11/06 / Jogos do Brasil / Fases Mata-Mata
- Telão de led no lobby / Aeb – chopp duplo durante os jogos do Brasil
- No intervalos DJ
- Bolão e desafios com brindes: a confirmar - Camisa oficial do Brasil, bola oficial da copa, mini bola oficial da copa",,,,,,Pendente
Junho (Copa do Mundo),Experiência Copa do Mundo,Samoa Villa,"- Abertura da Copa 11/06 / Jogos do Brasil / Fases Mata-Mata
- Telão de led no lobby / A&B – chopp duplo durante os jogos do Brasil
- Bolão e desafios com brindes: a confirmar - Camisa oficial do Brasil, bola oficial da copa, mini bola oficial da copa / Fanfest na Villa Muro Alto",,,,,,Pendente
Junho (Copa do Mundo),Experiência Copa do Mundo,La Fleur Collection,,,,,,,Pendente
JUL  |  FÉRIAS DE JULHO
Julho (mês inteiro),Programação Férias de Julho,Samoa Beach,"- INFANTIL: Cine Open Air, Espetáculos noturnos, Noite Julina, Show de Palhaço, Infláveis e Cantigas de Roda na Fogueira.
- ADULTO: Jogos interativos, Acústico Samoa, Noite Julina, Desafios, Hidro e Funcional, Yoga, Transmissão dos jogos da Copa do Mundo.",,,,,,Pendente
Julho (mês inteiro),Programação Férias de Julho,Samoa Villa,"- ADULTO: Hidrogyn, Yoga, Dj Sax Music, Step class, Samoa Music Live, quadrilha junina + trio de forró, noite do pop rock.
- INFANTIL: Karaokê, Oficina de Corais, show de palhaços, bruxinha atrapalhada, show encanto, oficina de chapéu matuto, Cine Open Air.",,,,,,Pendente
Julho (mês inteiro),Programação Férias de Julho,La Fleur Collection,,,,,,,Pendente
AGO  |  DIA DOS PAIS
2º domingo de Agosto,Experiência Dia dos Pais,Samoa Beach,"Programação especial aos sábados - Boteco com parrilha, churrasco e samba.
08/08/26 - Oficina de arte : Bonés confeccionados pelos filhos para presentar os pais.
08/08/26 – Tarde Boteco do Papai – No Ritmo do Samba com Parrilla, churrasco,  samba e degustação de cerveja
09/08/26 - café da manhã especial dia dos pais. ",,,,,,Pendente
2º domingo de Agosto,Experiência Dia dos Pais,Samoa Villa,"Programação especial aos sábados – Parrilha e churrasco das 12:00 as 15:00
Exposição de motos com banda de rock.
08/08/26 - Oficina de arte tie dye
08/08/26 – Almoço especiais dos Pais, Parrilha, churrasco e samba e degustação de cerveja",,,,,,Pendente
2º domingo de Agosto,Experiência Dia dos Pais,La Fleur Collection,,,,,,,Pendente
SET  |  INDEPENDÊNCIA DO BRASIL
04 a 07 de Setembro,Programação Feriado Independência,Samoa Beach,"✨ Destaques da programação:
• Acústico Samoa e Samba Samoa ao vivo
• Sunset com DJ
• Hidro recreativa para toda a família
• Show da Moana
• Pool Party infantil
• Piquenique com o Samuka
• Show de Palhaço
• Movie Night Samoa
• Oficina Cores do Brasil
Um feriado com música, diversão, atividades ao ar livre e experiências inesquecíveis para adultos e crianças.
",,,,,,Pendente
04 a 07 de Setembro,Programação Feriado Independência,Samoa Villa,"✨ Destaques da programação:
• Música ao vivo e Samba Samoa
• Tarde Sertaneja
• Samoa DJ Music
• Treinamento Funcional e aulas fitness
• Oficina Chefinhos Kids
• Festa da Espuma
• Cine Samuka
• Oficina Cores do Brasil
Diversão para toda a família com experiências gastronômicas, música, lazer e recreação infantil temática.",,,,,,Pendente
04 a 07 de Setembro,Programação Feriado Independência,La Fleur Collection,,,,,,,Pendente
SET  | ABERTURA DO VERÃO
19 de Setembro,Abertura do Verão,Samoa Beach,"✨ Destaque especial:
• Sunset Samoa
Celebre a chegada da estação mais esperada do ano com música, clima descontraído e um pôr do sol inesquecível à beira-mar.
",,,,,,Pendente
19 de Setembro,Abertura do Verão,Samoa Villa,"✨ Destaque especial:
• Sunset Samoa
Um fim de tarde inesquecível com música, clima de verão e muita energia positiva para celebrar a nova estação.",,,,,,Pendente
19 de Setembro,Abertura do Verão,La Fleur Collection,,,,,,,Pendente
OUT  |  DIA DAS CRIANÇAS
09 a 12 de Outubro,Experiência Dia das Crianças,Samoa Beach,"Tema: Samuka na Ilha dos Pequenos Exploradores
✨ Destaques da programação:
• Show Infantil Moana e o Mar de Aventuras
• Oficina de Massinha Nuvem
• Happy Holi
• Pool Party
• Show de Palhaço
• Parque Inflável
• Piquenique Infantil
• Distribuição de doces, picolés e algodão doce
Uma jornada de descobertas, brincadeiras e muita diversão para os pequenos aventureiros.
",,,,,,Pendente
09 a 12 de Outubro,Experiência Dia das Crianças,Samoa Villa,"Tema: Samuka na Ilha dos Exploradores
✨ Destaques da programação:
• Oficina de Slime
• Balada Neon
• Festa das Cores
• Show de Mágica
• Festa da Espuma
• Gincana da Família
Dias repletos de aventura, criatividade e diversão para os pequenos exploradores.
",,,,,,Pendente
09 a 12 de Outubro,Experiência Dia das Crianças,La Fleur Collection,,,,,,,Pendente
OUT  |  HALLOWEEN
30 e 31 de Outubro,Experiência de Halloween,Samoa Beach,"✨ Destaques da programação:
• Decoração temática especial
• Doces ou Travessuras
• Balada dos Monstrinhos
• Gastronomia temática
• Show dos Tios
• Banda de Rock ao vivo
Uma celebração divertida e cheia de surpresas para toda a família entrar no clima do Halloween.
",,,,,,Pendente
30 e 31 de Outubro,Experiência de Halloween,Samoa Villa,"✨ Destaques da programação:
• Luau Samoa
• Noite do Rock
• Hidro Halloween
• Doces ou Travessuras
• Desfile de Fantasias
• Oficina de Chapéu de Bruxa
• Show Infantil Temático
• Chefinhos Samoa
Uma celebração assustadoramente divertida para crianças e adultos.
",,,,,,Pendente
30 e 31 de Outubro,Experiência de Halloween,La Fleur Collection,,,,,,,Pendente
NOV  |  FINADOS
01 e 02 de Novembro,Programação Feriado Finados,Samoa Beach,"✨ Destaques da programação:
• Samoa Music Live
• Samoa DJ Music
• Concurso de Caipirinhas
• Cine Samuka
• Karaokê Kids
• Oficina de Tererê
• Recreação temática para crianças
Dias perfeitos para descansar, se divertir e aproveitar momentos especiais em família.",,,,,,Pendente
01 e 02 de Novembro,Programação Feriado Finados,Samoa Villa,"✨ Destaques da programação:
• Samoa Music Live
• Samoa DJ Music
• Cine Samuka
• Oficina de Tererê
• Recreação infantil temática
O descanso perfeito com lazer, música e atividades para toda a família.",,,,,,Pendente
01 e 02 de Novembro,Programação Feriado Finados,La Fleur Collection,,,,,,,Pendente
NOV  |  FÉRIAS DO PAPAI NOEL
Novembro,Férias do bom velhinho,Samoa Beach,"Antes da grande noite de Natal, o Papai Noel escolheu o Samoa Beach Resort para suas férias antecipadas!
✨ Destaques da programação:
• Check-in do Papai Noel
• Cozinha da Mamãe Noel
• Piquenique com Papai Noel e os Duendes
• Atividades temáticas natalinas
• Momentos mágicos para toda a família
Uma experiência encantadora para viver a magia do Natal de forma antecipada e inesquecível."
Novembro,Férias do bom velhinho,Samoa Villa,"Antes da grande noite de Natal, o Papai Noel escolheu o Samoa Villa Resort para aproveitar suas férias antecipadas!
✨ Destaques da programação:
• Check-in do Papai Noel
• Piquenique com Papai Noel e Mamãe Noel
• Oficina de Cupcakes com os Duendes
• Momentos mágicos de interação com o bom velhinho
• Experiência natalina exclusiva para toda a família
Uma oportunidade única para viver a magia do Natal antes de dezembro."
Novembro,Férias do bom velhinho,La Fleur Collection
NOV  |  PROCLAMAÇÃO DA REPÚBLICA
15 de Novembro,Programação Feriado Proclamação,Samoa Beach,,,,,,,Pendente
15 de Novembro,Programação Feriado Proclamação,Samoa Villa,,,,,,,Pendente
15 de Novembro,Programação Feriado Proclamação,La Fleur Collection,,,,,,,Pendente
NOV  |  CONSCIÊNCIA NEGRA
20 a 22 de Novembro,Programação Feriado Consciência Negra,Samoa Beach,"✨ Destaques da programação:
• Apresentações de Maracatu
• Oficina de Capoeira
• Feira Cultural e de Artesanato
• Experiências gastronômicas temáticas
• Dança Afro-Brasileira
• Roda de Samba
Um feriado que celebra a riqueza da cultura brasileira por meio da música, da arte, da gastronomia e da tradição.",,,,,,Pendente
20 a 22 de Novembro,Programação Feriado Consciência Negra,Samoa Villa,"✨ Destaques da programação:
• Oficina de Capoeira
• Apresentação de Maracatu
• Samba Samoa
• Caça ao Tesouro
• Hidro Kids
• Cine Open Air
Um feriado que celebra a cultura brasileira com muita música, aprendizado e diversão para todas as idades.",,,,,,Pendente
20 a 22 de Novembro,Programação Feriado Consciência Negra,La Fleur Collection,,,,,,,Pendente
NOV  |  BLACK FRIDAY
Última sexta de Novembro,Campanha Black Friday,Samoa Beach,,,,,,,Pendente
Última sexta de Novembro,Campanha Black Friday,Samoa Villa,,,,,,,Pendente
Última sexta de Novembro,Campanha Black Friday,La Fleur Collection,,,,,,,Pendente
DEZ  |  NATAL
02 a 25 de Dezembro,Experiência de Natal,Samoa Beach,"NATAL NO REINO DAS ÁGUAS CLARAS 
✨ Destaques da programação:
• Café da Manhã com os Duendes
• Almoço com o Papai Noel
• Piquenique com o Papai Noel
• Oficina de Cartinha ao Papai Noel
• Caça aos Presentes
• Hidro Natal
• Ensaio da Cantata Natalina
• Chegada do Papai Noel com entrega de presentes
• Coral e apresentações natalinas
• Show Especial ""Samuka e o Espírito de Natal""
",,,,,,Pendente
02 a 25 de Dezembro,Experiência de Natal,Samoa Villa,"NATAL NO REINO DAS ÁGUAS CLARAS 
✨ Destaques da programação:
• Oficina de Cupcakes com os Duendes
• Piquenique com o Papai Noel e a Mamãe Noel
• Oficina de Cartinha ao Papai Noel
• Caça aos Presentes
• Luau Natalino com música ao vivo
• Oficina de Slime Natalino
• Hidro Natal para toda a família
• Chegada do Papai Noel
• Entrega de presentes
• Coral e apresentações natalinas
• Pool Party de Natal
• Cine Samuka com filme especial de Natal
",,,,,,Pendente
02 a 25 de Dezembro,Experiência de Natal,La Fleur Collection,,,,,,,Pendente
DEZ  |  RÉVEILLON
30 e 31 de Dezembro,Experiência de Réveillon,Samoa Beach,"RÉVEILLON NO REINO DAS ÁGUAS CLARAS 
✨ Destaques da programação:
• DJ ao vivo
• Árvore dos Desejos para o Novo Ano
• Show Infantil
• Hidrodance
• Oficina de Pulseiras da Virada
• Hidro da Virada
• Caminhada do Adeus Ano Velho
• Jantar Especial de Réveillon
• Festa da Virada
• Queima de Fogos
",,,,,,Pendente
30 e 31 de Dezembro,Experiência de Réveillon,Samoa Villa,"RÉVEILLON NO REINO DAS ÁGUAS CLARAS 
✨ Destaques da programação:
• DJ ao vivo
• Árvore dos Desejos para o Novo Ano
• Show Infantil
• Hidrodance
• Oficina de Pulseiras da Virada
• Hidro da Virada
• Caminhada do Adeus Ano Velho
• Jantar Especial de Réveillon
• Festa da Virada
• Queima de Fogos",,,,,,Pendente
30 e 31 de Dezembro,Experiência de Réveillon,La Fleur Collection,,,,,,,Pendente

"Status: Pendente = aguardando conteúdo | Em revisão = conteúdo recebido, em validação | Aprovado = pronto para uso na Maya e comunicação"
Resorts:  ■ Samoa Beach  |  ■ Samoa Villa  |  ■ La Fleur Collection